Datetime,Water Level (m)
2025-11-21 00:00:00,-0.0060528778
2025-11-21 01:00:00,0.0039692917
2025-11-21 02:00:00,0.011554177
2025-11-21 03:00:00,0.01604351
2025-11-21 04:00:00,0.01754078
2025-11-21 05:00:00,0.016299834
2025-11-21 06:00:00,0.012234421
2025-11-21 07:00:00,0.006863258
2025-11-21 08:00:00,0.00309393
2025-11-21 09:00:00,0.0030935442
2025-11-21 10:00:00,0.00629777
2025-11-21 11:00:00,0.012377485
2025-11-21 12:00:00,0.019822193
2025-11-21 13:00:00,0.026163634
2025-11-21 14:00:00,0.029457495
2025-11-21 15:00:00,0.030714856
2025-11-21 16:00:00,0.029594412
2025-11-21 17:00:00,0.025873953
2025-11-21 18:00:00,0.020323498
2025-11-21 19:00:00,0.014280908
2025-11-21 20:00:00,0.011081206
2025-11-21 21:00:00,0.012172018
2025-11-21 22:00:00,0.018853435
2025-11-21 23:00:00,0.031286567
2025-11-22 00:00:00,0.045947365
2025-11-22 01:00:00,0.05981179
2025-11-22 02:00:00,0.071721345
2025-11-22 03:00:00,0.08030586
2025-11-22 04:00:00,0.08507773
2025-11-22 05:00:00,0.08667798
2025-11-22 06:00:00,0.08520948
2025-11-22 07:00:00,0.08062385
2025-11-22 08:00:00,0.076699406
2025-11-22 09:00:00,0.07564379
2025-11-22 10:00:00,0.07882331
2025-11-22 11:00:00,0.084640265
2025-11-22 12:00:00,0.092662625
2025-11-22 13:00:00,0.10047161
2025-11-22 14:00:00,0.10569888
2025-11-22 15:00:00,0.108553074
2025-11-22 16:00:00,0.10885985
2025-11-22 17:00:00,0.106456004
2025-11-22 18:00:00,0.1020005
2025-11-22 19:00:00,0.09637229
2025-11-22 20:00:00,0.09160877
2025-11-22 21:00:00,0.09067703
2025-11-22 22:00:00,0.09444046
2025-11-22 23:00:00,0.104852684
2025-11-23 00:00:00,0.11884152
2025-11-23 01:00:00,0.13152571
2025-11-23 02:00:00,0.14280786
2025-11-23 03:00:00,0.15036425
2025-11-23 04:00:00,0.15463042
2025-11-23 05:00:00,0.15606296
2025-11-23 06:00:00,0.15654275
2025-11-23 07:00:00,0.15566294
2025-11-23 08:00:00,0.15330784
2025-11-23 09:00:00,0.15233256
2025-11-23 10:00:00,0.15341805
2025-11-23 11:00:00,0.15669276
2025-11-23 12:00:00,0.16151643
2025-11-23 13:00:00,0.16797438
2025-11-23 14:00:00,0.17277254
2025-11-23 15:00:00,0.17575705
2025-11-23 16:00:00,0.17648333
2025-11-23 17:00:00,0.1755077
2025-11-23 18:00:00,0.17284925
2025-11-23 19:00:00,0.16942206
2025-11-23 20:00:00,0.1648887
2025-11-23 21:00:00,0.1620408
2025-11-23 22:00:00,0.16236156
2025-11-23 23:00:00,0.16664085
2025-11-24 00:00:00,0.17536516
2025-11-24 01:00:00,0.18643712
2025-11-24 02:00:00,0.19830076
2025-11-24 03:00:00,0.2082895
2025-11-24 04:00:00,0.21669184
2025-11-24 05:00:00,0.22252545
2025-11-24 06:00:00,0.22696397
2025-11-24 07:00:00,0.22957614
2025-11-24 08:00:00,0.23054367
2025-11-24 09:00:00,0.23118381
2025-11-24 10:00:00,0.23212768
2025-11-24 11:00:00,0.23376702
2025-11-24 12:00:00,0.23610632
2025-11-24 13:00:00,0.2406888
2025-11-24 14:00:00,0.24524082
2025-11-24 15:00:00,0.24873312
2025-11-24 16:00:00,0.25099236
2025-11-24 17:00:00,0.25209305
2025-11-24 18:00:00,0.25134185
2025-11-24 19:00:00,0.24968018
2025-11-24 20:00:00,0.24629293
2025-11-24 21:00:00,0.24391285
2025-11-24 22:00:00,0.24315348
2025-11-24 23:00:00,0.2452802
2025-11-25 00:00:00,0.25049445
2025-11-25 01:00:00,0.25927204
2025-11-25 02:00:00,0.2687665
2025-11-25 03:00:00,0.27753857
2025-11-25 04:00:00,0.28526002
2025-11-25 05:00:00,0.29071417
2025-11-25 06:00:00,0.29411983
2025-11-25 07:00:00,0.29486826
2025-11-25 08:00:00,0.29425204
2025-11-25 09:00:00,0.29218397
2025-11-25 10:00:00,0.29094794
2025-11-25 11:00:00,0.29101753
2025-11-25 12:00:00,0.292411
2025-11-25 13:00:00,0.29525182
2025-11-25 14:00:00,0.30013695
2025-11-25 15:00:00,0.30524588
2025-11-25 16:00:00,0.308811
2025-11-25 17:00:00,0.31133854
2025-11-25 18:00:00,0.31198522
2025-11-25 19:00:00,0.31181952
2025-11-25 20:00:00,0.31004003
2025-11-25 21:00:00,0.30748037
2025-11-25 22:00:00,0.30557975
2025-11-25 23:00:00,0.3066471
2025-11-26 00:00:00,0.3095985
2025-11-26 01:00:00,0.31463814
2025-11-26 02:00:00,0.32198474
2025-11-26 03:00:00,0.33059883
2025-11-26 04:00:00,0.33865038
2025-11-26 05:00:00,0.34467092
2025-11-26 06:00:00,0.348822
2025-11-26 07:00:00,0.35081813
2025-11-26 08:00:00,0.3512139
2025-11-26 09:00:00,0.3503002
2025-11-26 10:00:00,0.34888098
2025-11-26 11:00:00,0.3470267
2025-11-26 12:00:00,0.34644267
2025-11-26 13:00:00,0.34724668
2025-11-26 14:00:00,0.35040924
2025-11-26 15:00:00,0.35510114
2025-11-26 16:00:00,0.35955456
2025-11-26 17:00:00,0.36252087
2025-11-26 18:00:00,0.36400506
2025-11-26 19:00:00,0.3641113
2025-11-26 20:00:00,0.36318123
2025-11-26 21:00:00,0.36136103
2025-11-26 22:00:00,0.35820347
2025-11-26 23:00:00,0.3560638
2025-11-27 00:00:00,0.35655275
